rho_bins,bin,rat,event
0.00263606251005749,0.0375,rat10,shuff
0.0057828760366867,0.1375,rat10,shuff
0.0102812750950772,0.2375,rat10,shuff
0.00926398401178109,0.3375,rat10,shuff
0.00697896944086542,0.4375,rat10,shuff
-0.00160345383655319,0.5375,rat10,shuff
-0.00792939892900055,0.6375,rat10,shuff
-0.0158690191497532,0.7375,rat10,shuff
-0.0272087866634001,0.8375,rat10,shuff
-0.0166016895892619,0.9375,rat10,shuff
-0.00137049051956816,1.0375,rat10,shuff
-0.00689677654243471,1.1375,rat10,shuff
-0.00978828662628167,1.2375,rat10,shuff
-0.00694408034050512,1.3375,rat10,shuff
-0.0055437864022784,1.4375,rat10,shuff
-0.00197145050156012,1.5375,rat10,shuff
-0.0123288261123335,1.6375,rat10,shuff
-0.0115553198999805,1.7375,rat10,shuff
-0.00788285428787855,1.8375,rat10,shuff
-0.0196703839612804,1.9375,rat10,shuff
0.000317714767086781,2.0375,rat10,shuff
-0.00243834753667959,2.1375,rat10,shuff
0.00215223689671778,2.2375,rat10,shuff
-0.00924498353228585,2.3375,rat10,shuff
-0.020168121064326,2.4375,rat10,shuff
-0.0412485305091742,2.5375,rat10,shuff
-0.0480210899827199,2.6375,rat10,shuff
-0.0274470121067153,2.7375,rat10,shuff
-0.00663084759379318,2.8375,rat10,shuff
0.00123225795491875,2.9375,rat10,shuff
0.0176376102440034,3.0375,rat10,shuff
0.00341788349250106,3.1375,rat10,shuff
0.000195970184832238,3.2375,rat10,shuff
0.0132496698693922,3.3375,rat10,shuff
0.0401638612305357,3.4375,rat10,shuff
0.0631703332941189,3.5375,rat10,shuff
0.0631792253701979,3.6375,rat10,shuff
0.0709653450269729,3.7375,rat10,shuff
0.0860684411873984,3.8375,rat10,shuff
0.118937967398043,3.9375,rat10,shuff
0.105045395920442,4.0375,rat10,shuff
0.0918222320270711,4.1375,rat10,shuff
0.0383394393369527,4.2375,rat10,shuff
0.0284460147721536,4.3375,rat10,shuff
0.00536354584536549,4.4375,rat10,shuff
-0.008129306136878,4.5375,rat10,shuff
0.0125242269074655,4.6375,rat10,shuff
0.00940200237892349,4.7375,rat10,shuff
0.0180278769442013,4.8375,rat10,shuff
0.0339040298388878,4.9375,rat10,shuff
-0.00116137278979831,0.0375,rat11,shuff
0.00393873071469984,0.1375,rat11,shuff
0.0079690016354686,0.2375,rat11,shuff
0.0102563013407554,0.3375,rat11,shuff
0.0104000517315488,0.4375,rat11,shuff
0.00698492563613026,0.5375,rat11,shuff
0.00564455454040725,0.6375,rat11,shuff
0.0046113381658372,0.7375,rat11,shuff
0.00819655434509894,0.8375,rat11,shuff
0.00771241098708147,0.9375,rat11,shuff
0.00699448252936429,1.0375,rat11,shuff
0.00600989609514764,1.1375,rat11,shuff
-0.00117652605599027,1.2375,rat11,shuff
-0.00622270298511741,1.3375,rat11,shuff
-0.00150567311692721,1.4375,rat11,shuff
-0.00152489198807615,1.5375,rat11,shuff
-0.00236345836451572,1.6375,rat11,shuff
-0.00121729504004975,1.7375,rat11,shuff
0.00256773939137141,1.8375,rat11,shuff
0.0036889595669962,1.9375,rat11,shuff
0.00918752866912806,2.0375,rat11,shuff
0.00827239023945131,2.1375,rat11,shuff
0.00672430764802933,2.2375,rat11,shuff
0.00386723856983874,2.3375,rat11,shuff
0.00104619143856897,2.4375,rat11,shuff
-0.000863023980908313,2.5375,rat11,shuff
0.00568038190573639,2.6375,rat11,shuff
0.00518402126603655,2.7375,rat11,shuff
0.0147214298251155,2.8375,rat11,shuff
0.00411539582274948,2.9375,rat11,shuff
0.00258981039222738,3.0375,rat11,shuff
-0.00387949677604117,3.1375,rat11,shuff
-0.00585468424564942,3.2375,rat11,shuff
-0.0116954977937548,3.3375,rat11,shuff
-0.0362700581254723,3.4375,rat11,shuff
-0.0457343148155117,3.5375,rat11,shuff
-0.0364750036963077,3.6375,rat11,shuff
-0.0418103359506972,3.7375,rat11,shuff
-0.0431185640001462,3.8375,rat11,shuff
-0.0366208572106543,3.9375,rat11,shuff
-0.0345712507203966,4.0375,rat11,shuff
-0.0414475837876085,4.1375,rat11,shuff
-0.0350353316753888,4.2375,rat11,shuff
-0.0328080106995636,4.3375,rat11,shuff
-0.0366282596861721,4.4375,rat11,shuff
-0.0539446819324188,4.5375,rat11,shuff
-0.0444135478083127,4.6375,rat11,shuff
-0.026520611567107,4.7375,rat11,shuff
-0.0108153528580076,4.8375,rat11,shuff
0.000412743551419907,4.9375,rat11,shuff
0.0305658053946645,0.0375,rat12,shuff
0.0319892101477627,0.1375,rat12,shuff
0.0298152285685567,0.2375,rat12,shuff
0.0243167873466645,0.3375,rat12,shuff
0.0207443038336054,0.4375,rat12,shuff
0.0178234936055371,0.5375,rat12,shuff
0.014528464048101,0.6375,rat12,shuff
0.00959262681613658,0.7375,rat12,shuff
0.00159408212361712,0.8375,rat12,shuff
0.00420905138797985,0.9375,rat12,shuff
0.00859144940495553,1.0375,rat12,shuff
0.0104855029000306,1.1375,rat12,shuff
0.018650047019092,1.2375,rat12,shuff
0.0239612546851337,1.3375,rat12,shuff
0.0222339742385683,1.4375,rat12,shuff
0.0203270538126077,1.5375,rat12,shuff
0.00580116814212836,1.6375,rat12,shuff
-0.0104244125738626,1.7375,rat12,shuff
-0.0187062015204604,1.8375,rat12,shuff
-0.0308354476597218,1.9375,rat12,shuff
-0.0393626053840643,2.0375,rat12,shuff
-0.0490215436056006,2.1375,rat12,shuff
-0.0618208778868105,2.2375,rat12,shuff
-0.0732842064442663,2.3375,rat12,shuff
-0.0744299089370667,2.4375,rat12,shuff
-0.0646613359915568,2.5375,rat12,shuff
-0.055041814584353,2.6375,rat12,shuff
-0.0464887331211119,2.7375,rat12,shuff
-0.0354280206984424,2.8375,rat12,shuff
-0.0475035067453612,2.9375,rat12,shuff
-0.0612917808921971,3.0375,rat12,shuff
-0.0550151245535863,3.1375,rat12,shuff
-0.0586863913722751,3.2375,rat12,shuff
-0.0586532579686586,3.3375,rat12,shuff
-0.0593756609395575,3.4375,rat12,shuff
-0.0527318056502751,3.5375,rat12,shuff
-0.0189188440639715,3.6375,rat12,shuff
-0.00524103671949718,3.7375,rat12,shuff
-0.00751145207071959,3.8375,rat12,shuff
-0.00176350101328739,3.9375,rat12,shuff
0.0100950898109994,4.0375,rat12,shuff
0.0293014121024666,4.1375,rat12,shuff
0.0196887072182207,4.2375,rat12,shuff
0.0170122554540409,4.3375,rat12,shuff
0.0121650832312693,4.4375,rat12,shuff
0.00167754580476176,4.5375,rat12,shuff
0.0228309666199714,4.6375,rat12,shuff
0.0410716465027068,4.7375,rat12,shuff
0.0407399336687832,4.8375,rat12,shuff
0.033455776588174,4.9375,rat12,shuff
0.0112130824036829,0.0375,rat13,shuff
0.024662758507737,0.1375,rat13,shuff
0.019105131094081,0.2375,rat13,shuff
-9.40600979170722e-05,0.3375,rat13,shuff
-0.011913018178916,0.4375,rat13,shuff
0.00512530423472303,0.5375,rat13,shuff
0.0243599651511257,0.6375,rat13,shuff
0.0202844101666204,0.7375,rat13,shuff
0.00547618986737405,0.8375,rat13,shuff
0.00998345473226738,0.9375,rat13,shuff
0.0197352657909982,1.0375,rat13,shuff
0.0167413626995647,1.1375,rat13,shuff
0.00792173354412673,1.2375,rat13,shuff
0.0209566385448472,1.3375,rat13,shuff
0.0405345367732591,1.4375,rat13,shuff
0.0324677333191197,1.5375,rat13,shuff
0.0217166397605578,1.6375,rat13,shuff
0.0195565125083121,1.7375,rat13,shuff
0.0156821780737572,1.8375,rat13,shuff
0.00948132205092805,1.9375,rat13,shuff
0.0192977522150983,2.0375,rat13,shuff
0.0445590881757116,2.1375,rat13,shuff
0.0627226226245846,2.2375,rat13,shuff
0.0695234184663683,2.3375,rat13,shuff
0.0476052349002493,2.4375,rat13,shuff
0.0379663271860973,2.5375,rat13,shuff
0.0346569109634476,2.6375,rat13,shuff
0.0207657027414342,2.7375,rat13,shuff
0.0271832818891966,2.8375,rat13,shuff
0.0292564931660556,2.9375,rat13,shuff
0.00241984099501867,3.0375,rat13,shuff
-0.011884676865115,3.1375,rat13,shuff
-0.0119297402971103,3.2375,rat13,shuff
-0.023536017416274,3.3375,rat13,shuff
-0.0261108590294014,3.4375,rat13,shuff
-0.0355054156960823,3.5375,rat13,shuff
-0.0319014127859021,3.6375,rat13,shuff
-0.0549267859414514,3.7375,rat13,shuff
-0.067702098178674,3.8375,rat13,shuff
-0.0642001033962769,3.9375,rat13,shuff
-0.0571872974164084,4.0375,rat13,shuff
-0.0637889650260442,4.1375,rat13,shuff
-0.0471054267795476,4.2375,rat13,shuff
-0.0356766808252337,4.3375,rat13,shuff
-0.0406374403369271,4.4375,rat13,shuff
-0.046489791207198,4.5375,rat13,shuff
-0.0446591543369862,4.6375,rat13,shuff
-0.0423065525127916,4.7375,rat13,shuff
-0.0102185709229981,4.8375,rat13,shuff
-0.00444666350091147,4.9375,rat13,shuff
0.0104871076698761,0.0375,rat15,shuff
0.00748241964233984,0.1375,rat15,shuff
0.00917654625893962,0.2375,rat15,shuff
0.00857815968462031,0.3375,rat15,shuff
0.00387642583700405,0.4375,rat15,shuff
0.00114441938049351,0.5375,rat15,shuff
0.0033758813433047,0.6375,rat15,shuff
0.00228026047767356,0.7375,rat15,shuff
-0.00211442824105311,0.8375,rat15,shuff
-0.00822044896621127,0.9375,rat15,shuff
-0.00305952458163729,1.0375,rat15,shuff
-0.00369852026103779,1.1375,rat15,shuff
-0.00810034786713007,1.2375,rat15,shuff
-0.00962947406711229,1.3375,rat15,shuff
-0.00559527198161165,1.4375,rat15,shuff
-0.000660922791981201,1.5375,rat15,shuff
0.00802361985906477,1.6375,rat15,shuff
0.0141412268044882,1.7375,rat15,shuff
0.0198588839957298,1.8375,rat15,shuff
0.017026080018745,1.9375,rat15,shuff
0.00796799371607909,2.0375,rat15,shuff
0.0068300233691154,2.1375,rat15,shuff
0.0139339678340966,2.2375,rat15,shuff
0.0211803882508078,2.3375,rat15,shuff
0.0170792325386741,2.4375,rat15,shuff
0.00441289562024904,2.5375,rat15,shuff
-0.00417769265349076,2.6375,rat15,shuff
-0.00635206309642764,2.7375,rat15,shuff
-0.0230614063826059,2.8375,rat15,shuff
-0.0218950748067879,2.9375,rat15,shuff
-0.0175503215731521,3.0375,rat15,shuff
-0.0191088804881321,3.1375,rat15,shuff
-0.0332143153731091,3.2375,rat15,shuff
-0.0449341116835249,3.3375,rat15,shuff
-0.0507097595538031,3.4375,rat15,shuff
-0.0464015719265684,3.5375,rat15,shuff
-0.0521507224959377,3.6375,rat15,shuff
-0.0437145238218093,3.7375,rat15,shuff
-0.0364115668666108,3.8375,rat15,shuff
-0.0390959532282923,3.9375,rat15,shuff
-0.0403944951455839,4.0375,rat15,shuff
-0.0491118478455519,4.1375,rat15,shuff
-0.0388019656299219,4.2375,rat15,shuff
-0.0356669295182862,4.3375,rat15,shuff
-0.0451476600381765,4.4375,rat15,shuff
-0.0523949959517633,4.5375,rat15,shuff
-0.0331951889397229,4.6375,rat15,shuff
-0.0267786600359031,4.7375,rat15,shuff
-0.0257469278764783,4.8375,rat15,shuff
-0.00275060329933293,4.9375,rat15,shuff
0.000744231878483851,0.0375,rat16,shuff
0.00310856144285917,0.1375,rat16,shuff
0.00295758946484473,0.2375,rat16,shuff
0.00103570854307023,0.3375,rat16,shuff
0.00190304913912858,0.4375,rat16,shuff
0.0026418684175405,0.5375,rat16,shuff
0.00496314178935828,0.6375,rat16,shuff
0.00703733852568665,0.7375,rat16,shuff
0.00583073690886809,0.8375,rat16,shuff
0.00359190605465166,0.9375,rat16,shuff
0.00855212558817263,1.0375,rat16,shuff
0.0124754801496995,1.1375,rat16,shuff
0.0111859826234223,1.2375,rat16,shuff
0.00897949326368485,1.3375,rat16,shuff
0.0112635642534251,1.4375,rat16,shuff
0.0129300830085331,1.5375,rat16,shuff
0.0100436389649149,1.6375,rat16,shuff
0.00289132582197234,1.7375,rat16,shuff
-0.00501914308764015,1.8375,rat16,shuff
-0.00580217900911181,1.9375,rat16,shuff
-0.00289882659742755,2.0375,rat16,shuff
0.00202346635384334,2.1375,rat16,shuff
0.00362689326904276,2.2375,rat16,shuff
0.00366587479861501,2.3375,rat16,shuff
0.00341970679423527,2.4375,rat16,shuff
-0.00800521389598726,2.5375,rat16,shuff
-0.00833358365030731,2.6375,rat16,shuff
-0.00519821762146682,2.7375,rat16,shuff
-0.000851832522799216,2.8375,rat16,shuff
-0.0022975511611119,2.9375,rat16,shuff
0.00426805727646914,3.0375,rat16,shuff
0.00686126888040712,3.1375,rat16,shuff
0.00860971851269305,3.2375,rat16,shuff
-0.00156019011024419,3.3375,rat16,shuff
-0.0117042470134106,3.4375,rat16,shuff
-0.00431810707144188,3.5375,rat16,shuff
-0.00423733307757455,3.6375,rat16,shuff
-0.00508564509689427,3.7375,rat16,shuff
0.0116835334749749,3.8375,rat16,shuff
0.0169487136913045,3.9375,rat16,shuff
0.0145589487023599,4.0375,rat16,shuff
0.0155550787388149,4.1375,rat16,shuff
0.0201314370664676,4.2375,rat16,shuff
0.0238332249575866,4.3375,rat16,shuff
0.0234204134040311,4.4375,rat16,shuff
0.0323876217776943,4.5375,rat16,shuff
0.030460516154796,4.6375,rat16,shuff
0.0368177084418124,4.7375,rat16,shuff
0.0503438528997776,4.8375,rat16,shuff
0.0453330513788649,4.9375,rat16,shuff
-0.0014420478338831,0.0375,rat2,shuff
-0.00350502779848406,0.1375,rat2,shuff
-0.00654760441250286,0.2375,rat2,shuff
-0.00818204347379244,0.3375,rat2,shuff
-0.0068789732933209,0.4375,rat2,shuff
-0.000511899801058638,0.5375,rat2,shuff
-0.00169530266556866,0.6375,rat2,shuff
-0.00947089860356805,0.7375,rat2,shuff
-0.0105383836635513,0.8375,rat2,shuff
-0.00981236596243977,0.9375,rat2,shuff
-0.0137555520352202,1.0375,rat2,shuff
-0.0174955896678975,1.1375,rat2,shuff
-0.0186543557269952,1.2375,rat2,shuff
-0.0146685400969758,1.3375,rat2,shuff
-0.0144036644895284,1.4375,rat2,shuff
-0.0163530677880334,1.5375,rat2,shuff
-0.0131089242492709,1.6375,rat2,shuff
-0.0200449121241285,1.7375,rat2,shuff
-0.0202541324227785,1.8375,rat2,shuff
-0.0222077045323073,1.9375,rat2,shuff
-0.0127239060233267,2.0375,rat2,shuff
-0.0129626593687128,2.1375,rat2,shuff
-0.0142869307102238,2.2375,rat2,shuff
-0.00896529779188929,2.3375,rat2,shuff
0.00821632182839743,2.4375,rat2,shuff
0.0186107755041716,2.5375,rat2,shuff
0.0137534695815216,2.6375,rat2,shuff
-0.00155894631340816,2.7375,rat2,shuff
-0.0104088687871383,2.8375,rat2,shuff
-0.00797376360792088,2.9375,rat2,shuff
-0.0161722909402853,3.0375,rat2,shuff
-0.0248756068150197,3.1375,rat2,shuff
-0.0222711290092366,3.2375,rat2,shuff
-0.0223281289707014,3.3375,rat2,shuff
-0.029023574309271,3.4375,rat2,shuff
-0.0389543438945932,3.5375,rat2,shuff
-0.036066644798926,3.6375,rat2,shuff
-0.0224570939532955,3.7375,rat2,shuff
-0.00212942879275559,3.8375,rat2,shuff
0.0117562760339649,3.9375,rat2,shuff
-0.000286460100659147,4.0375,rat2,shuff
-0.019495444412674,4.1375,rat2,shuff
-0.0259626638511469,4.2375,rat2,shuff
-0.0378713712721536,4.3375,rat2,shuff
-0.0496655286354703,4.4375,rat2,shuff
-0.043540605444911,4.5375,rat2,shuff
-0.0371202646887647,4.6375,rat2,shuff
-0.0490213663830047,4.7375,rat2,shuff
-0.0546390053276405,4.8375,rat2,shuff
-0.0532763666002949,4.9375,rat2,shuff
0.00623512871746681,0.0375,rat3,shuff
-0.00199785179515101,0.1375,rat3,shuff
-0.0109090905209368,0.2375,rat3,shuff
-0.0111215352752481,0.3375,rat3,shuff
-0.0126407742387721,0.4375,rat3,shuff
-0.0159372479136295,0.5375,rat3,shuff
-0.0171670427789053,0.6375,rat3,shuff
-0.0166654388868928,0.7375,rat3,shuff
-0.00915494629267731,0.8375,rat3,shuff
-0.00395225346755108,0.9375,rat3,shuff
-0.00318447217351657,1.0375,rat3,shuff
0.000345284393885141,1.1375,rat3,shuff
0.0069697516745663,1.2375,rat3,shuff
0.00943917566856205,1.3375,rat3,shuff
0.0109143445442148,1.4375,rat3,shuff
0.0158678815639334,1.5375,rat3,shuff
0.0271853544876327,1.6375,rat3,shuff
0.0385192351306458,1.7375,rat3,shuff
0.039414450628545,1.8375,rat3,shuff
0.0384327820928324,1.9375,rat3,shuff
0.0319843571138815,2.0375,rat3,shuff
0.0302989384336688,2.1375,rat3,shuff
0.0314697729176425,2.2375,rat3,shuff
0.0305287105326078,2.3375,rat3,shuff
0.0327167375449667,2.4375,rat3,shuff
0.0305569521193363,2.5375,rat3,shuff
0.0322980725935074,2.6375,rat3,shuff
0.0338484926939382,2.7375,rat3,shuff
0.033920346040275,2.8375,rat3,shuff
0.040240444447659,2.9375,rat3,shuff
0.0377806973345061,3.0375,rat3,shuff
0.039606166441386,3.1375,rat3,shuff
0.0451036701879527,3.2375,rat3,shuff
0.0498425014050328,3.3375,rat3,shuff
0.0448508251516164,3.4375,rat3,shuff
0.049816967567484,3.5375,rat3,shuff
0.0527125297566142,3.6375,rat3,shuff
0.0303370399930927,3.7375,rat3,shuff
0.0270509916487132,3.8375,rat3,shuff
0.0274406933681557,3.9375,rat3,shuff
0.0211832514468401,4.0375,rat3,shuff
0.0261409668060688,4.1375,rat3,shuff
0.0235846874637684,4.2375,rat3,shuff
0.0207214645020471,4.3375,rat3,shuff
0.0238469152116301,4.4375,rat3,shuff
0.0391024505224296,4.5375,rat3,shuff
0.0365765164273292,4.6375,rat3,shuff
0.0327315835679314,4.7375,rat3,shuff
0.0163304812973108,4.8375,rat3,shuff
0.00321066725919401,4.9375,rat3,shuff
-0.0114089049037231,0.0375,rat4,shuff
-0.0108145196794402,0.1375,rat4,shuff
-0.0127638605856751,0.2375,rat4,shuff
-0.0119272521634119,0.3375,rat4,shuff
-0.00504472425181022,0.4375,rat4,shuff
-0.00216263189318978,0.5375,rat4,shuff
-0.00255038495874879,0.6375,rat4,shuff
-0.00513624958570674,0.7375,rat4,shuff
-0.00642259988374885,0.8375,rat4,shuff
-0.00189249005779069,0.9375,rat4,shuff
-0.00402682733317484,1.0375,rat4,shuff
-0.00942666881955073,1.1375,rat4,shuff
-0.00147888459765405,1.2375,rat4,shuff
0.00785253337378798,1.3375,rat4,shuff
0.00440806979016853,1.4375,rat4,shuff
-0.0141397128178954,1.5375,rat4,shuff
-0.0229967914951129,1.6375,rat4,shuff
-0.0198693106707354,1.7375,rat4,shuff
-0.0161510889510006,1.8375,rat4,shuff
-0.0183536182602164,1.9375,rat4,shuff
-0.0138991832671737,2.0375,rat4,shuff
-0.0235555514103201,2.1375,rat4,shuff
-0.0230576953280581,2.2375,rat4,shuff
-0.0106679855166076,2.3375,rat4,shuff
0.00863894114699759,2.4375,rat4,shuff
0.0136947558538298,2.5375,rat4,shuff
0.0109062567682852,2.6375,rat4,shuff
-0.00542814097442849,2.7375,rat4,shuff
-0.0103053116984876,2.8375,rat4,shuff
-0.00830975500954957,2.9375,rat4,shuff
-0.0100615621973653,3.0375,rat4,shuff
0.00493851201501075,3.1375,rat4,shuff
0.0127794963967119,3.2375,rat4,shuff
0.00684646580966252,3.3375,rat4,shuff
0.00357243254734742,3.4375,rat4,shuff
-0.00457022165308496,3.5375,rat4,shuff
0.00049725406685497,3.6375,rat4,shuff
-0.00566126576359022,3.7375,rat4,shuff
-0.0120231100383753,3.8375,rat4,shuff
-0.00758273189561769,3.9375,rat4,shuff
0.0153517086392295,4.0375,rat4,shuff
0.0117349574347743,4.1375,rat4,shuff
-0.00255834015188889,4.2375,rat4,shuff
-0.00747883491268978,4.3375,rat4,shuff
-0.0146081076309968,4.4375,rat4,shuff
-0.0356768664945222,4.5375,rat4,shuff
-0.0678098716989831,4.6375,rat4,shuff
-0.0839451093932207,4.7375,rat4,shuff
-0.0867298183665202,4.8375,rat4,shuff
-0.0831391918183423,4.9375,rat4,shuff
0.00209949080266009,0.0375,rat5,shuff
-0.00210988375799856,0.1375,rat5,shuff
-0.00502348182811169,0.2375,rat5,shuff
-0.00458331657979557,0.3375,rat5,shuff
-0.00712347052139981,0.4375,rat5,shuff
-0.00566394944511473,0.5375,rat5,shuff
-0.00061162471575529,0.6375,rat5,shuff
0.000636840621056307,0.7375,rat5,shuff
0.00454538439549252,0.8375,rat5,shuff
0.00493351781465872,0.9375,rat5,shuff
0.00253740197808196,1.0375,rat5,shuff
-0.00211239759039328,1.1375,rat5,shuff
-0.0038592864099127,1.2375,rat5,shuff
-0.00606978089852089,1.3375,rat5,shuff
-0.00322487159003328,1.4375,rat5,shuff
0.00444170987752331,1.5375,rat5,shuff
0.00519940202062525,1.6375,rat5,shuff
0.00431339820059278,1.7375,rat5,shuff
-0.000748412225734296,1.8375,rat5,shuff
-0.00596677742342195,1.9375,rat5,shuff
-0.00926356017192225,2.0375,rat5,shuff
-0.0088469198404482,2.1375,rat5,shuff
-0.00870468626912304,2.2375,rat5,shuff
-0.0163331806150915,2.3375,rat5,shuff
-0.0162187059857557,2.4375,rat5,shuff
-0.0118063304422648,2.5375,rat5,shuff
-0.0143519115298502,2.6375,rat5,shuff
-0.0115087812345921,2.7375,rat5,shuff
-0.00863435078757564,2.8375,rat5,shuff
-0.0160793001400691,2.9375,rat5,shuff
-0.0223076211352948,3.0375,rat5,shuff
-0.0278624431602223,3.1375,rat5,shuff
-0.0286293773156539,3.2375,rat5,shuff
-0.0282426045573931,3.3375,rat5,shuff
-0.0291652335773847,3.4375,rat5,shuff
-0.0237189592089591,3.5375,rat5,shuff
-0.0241679197049868,3.6375,rat5,shuff
-0.0183271216873108,3.7375,rat5,shuff
-0.0121710468981081,3.8375,rat5,shuff
-0.00552168425495313,3.9375,rat5,shuff
-0.00508089799787026,4.0375,rat5,shuff
-0.00458104471362012,4.1375,rat5,shuff
0.00609831355051235,4.2375,rat5,shuff
0.0135919396974123,4.3375,rat5,shuff
0.0209556202252971,4.4375,rat5,shuff
0.0193464546931399,4.5375,rat5,shuff
0.0110620565479712,4.6375,rat5,shuff
0.00461795913136318,4.7375,rat5,shuff
0.00546443329906021,4.8375,rat5,shuff
0.0101914821785561,4.9375,rat5,shuff
0.0066629613015449,0.0375,rat6,shuff
0.00672335652691699,0.1375,rat6,shuff
-0.00609260011993444,0.2375,rat6,shuff
-0.0105453047009482,0.3375,rat6,shuff
-0.00649648508366327,0.4375,rat6,shuff
-0.00249699331732965,0.5375,rat6,shuff
0.0120636699025243,0.6375,rat6,shuff
0.0167021185871364,0.7375,rat6,shuff
0.0118982313577005,0.8375,rat6,shuff
0.0118677251898824,0.9375,rat6,shuff
0.0212511796993553,1.0375,rat6,shuff
0.0289163837091846,1.1375,rat6,shuff
0.0223254388841205,1.2375,rat6,shuff
0.0174642665021114,1.3375,rat6,shuff
0.0105719160135858,1.4375,rat6,shuff
0.0178137709731773,1.5375,rat6,shuff
0.0242982413917547,1.6375,rat6,shuff
0.0235240684610083,1.7375,rat6,shuff
0.0165727254583076,1.8375,rat6,shuff
0.0159323402662711,1.9375,rat6,shuff
0.0162445223752894,2.0375,rat6,shuff
0.0180012695228507,2.1375,rat6,shuff
0.0162036815783459,2.2375,rat6,shuff
0.0239801331314149,2.3375,rat6,shuff
0.0196799003266085,2.4375,rat6,shuff
0.0197016878740479,2.5375,rat6,shuff
0.00536553320563815,2.6375,rat6,shuff
-0.0182375699036775,2.7375,rat6,shuff
-0.0273264531861435,2.8375,rat6,shuff
-0.0174536574899233,2.9375,rat6,shuff
-0.00608313342887263,3.0375,rat6,shuff
-0.00622056161122709,3.1375,rat6,shuff
-0.0217335478559417,3.2375,rat6,shuff
-0.026354885800058,3.3375,rat6,shuff
-0.0202841404038269,3.4375,rat6,shuff
-0.023837325277329,3.5375,rat6,shuff
-0.0460125083698881,3.6375,rat6,shuff
-0.0396415009884197,3.7375,rat6,shuff
-0.0242351640025205,3.8375,rat6,shuff
-0.00837347888879793,3.9375,rat6,shuff
-0.0146272990113519,4.0375,rat6,shuff
-0.00372299344942643,4.1375,rat6,shuff
-0.0131735845600096,4.2375,rat6,shuff
-0.0123440255590839,4.3375,rat6,shuff
-0.0273626338717012,4.4375,rat6,shuff
-0.0429037697535343,4.5375,rat6,shuff
-0.017360490560469,4.6375,rat6,shuff
0.0233655140971002,4.7375,rat6,shuff
-0.00295087851515192,4.8375,rat6,shuff
-0.00985576304742243,4.9375,rat6,shuff
-0.0371474021184195,0.0375,rat7,shuff
-0.0352291818221558,0.1375,rat7,shuff
-0.0314370867143178,0.2375,rat7,shuff
-0.0239610766902761,0.3375,rat7,shuff
-0.0187544975658433,0.4375,rat7,shuff
-0.0176303229864948,0.5375,rat7,shuff
-0.0204780674228477,0.6375,rat7,shuff
-0.0171210272094773,0.7375,rat7,shuff
-0.00932734817585905,0.8375,rat7,shuff
-0.00966340526513324,0.9375,rat7,shuff
-0.00507849967263694,1.0375,rat7,shuff
0.000897198914775091,1.1375,rat7,shuff
0.00382730309338341,1.2375,rat7,shuff
-0.00196821827114314,1.3375,rat7,shuff
-0.00113232057428823,1.4375,rat7,shuff
0.0113368645351387,1.5375,rat7,shuff
0.0176268552945089,1.6375,rat7,shuff
0.0234995901015783,1.7375,rat7,shuff
0.019677103033901,1.8375,rat7,shuff
0.0152651361410775,1.9375,rat7,shuff
0.0173794540703936,2.0375,rat7,shuff
0.0210020905068791,2.1375,rat7,shuff
0.0195012068909247,2.2375,rat7,shuff
0.00685060147860465,2.3375,rat7,shuff
-0.00210319106120687,2.4375,rat7,shuff
-0.00132934469083437,2.5375,rat7,shuff
-0.00646971308530553,2.6375,rat7,shuff
-0.00138139556586307,2.7375,rat7,shuff
-0.00576409263578136,2.8375,rat7,shuff
-0.00357369927303441,2.9375,rat7,shuff
0.00341854285705105,3.0375,rat7,shuff
0.00356525412595795,3.1375,rat7,shuff
-0.00278869685438897,3.2375,rat7,shuff
-0.00416695330566739,3.3375,rat7,shuff
0.00130099366780715,3.4375,rat7,shuff
0.00884771189888215,3.5375,rat7,shuff
-0.0116429061152752,3.6375,rat7,shuff
-0.0174603003889876,3.7375,rat7,shuff
0.000475970572173959,3.8375,rat7,shuff
0.0249496409043247,3.9375,rat7,shuff
0.0335993906054549,4.0375,rat7,shuff
0.0172510943706726,4.1375,rat7,shuff
0.0118380304004998,4.2375,rat7,shuff
0.00285993037307863,4.3375,rat7,shuff
-0.0204502056431209,4.4375,rat7,shuff
-0.0145017042293483,4.5375,rat7,shuff
-0.0234557420195677,4.6375,rat7,shuff
-0.0251850612153805,4.7375,rat7,shuff
-0.028479287933934,4.8375,rat7,shuff
-0.0270018331749711,4.9375,rat7,shuff
-0.0158369202032435,0.0375,rat8,shuff
-0.0138011655974094,0.1375,rat8,shuff
-0.0194079844704826,0.2375,rat8,shuff
-0.023299954439992,0.3375,rat8,shuff
-0.028551226507228,0.4375,rat8,shuff
-0.026713981695627,0.5375,rat8,shuff
-0.0159637511602244,0.6375,rat8,shuff
-0.0198667331050301,0.7375,rat8,shuff
-0.0216499208907201,0.8375,rat8,shuff
-0.0140629442743971,0.9375,rat8,shuff
-0.0141611458251602,1.0375,rat8,shuff
-0.0132442969112101,1.1375,rat8,shuff
-0.00552304109446568,1.2375,rat8,shuff
0.0015639167833091,1.3375,rat8,shuff
0.00790964883019283,1.4375,rat8,shuff
-0.00633105486451082,1.5375,rat8,shuff
-0.016991004261144,1.6375,rat8,shuff
-0.00898160637409186,1.7375,rat8,shuff
-0.00355627615408877,1.8375,rat8,shuff
-0.00788607195679996,1.9375,rat8,shuff
-0.000276015106791209,2.0375,rat8,shuff
0.000884742220733528,2.1375,rat8,shuff
0.00134418382558589,2.2375,rat8,shuff
0.0215250488780702,2.3375,rat8,shuff
0.0316996008185074,2.4375,rat8,shuff
0.0178932648951925,2.5375,rat8,shuff
0.0273653296229956,2.6375,rat8,shuff
0.0429667755844662,2.7375,rat8,shuff
0.0563182649904823,2.8375,rat8,shuff
0.0619648740590296,2.9375,rat8,shuff
0.0444684883435509,3.0375,rat8,shuff
0.029946032469546,3.1375,rat8,shuff
0.0287747619867648,3.2375,rat8,shuff
0.032271235721133,3.3375,rat8,shuff
0.0270657613625018,3.4375,rat8,shuff
0.0214004170359227,3.5375,rat8,shuff
0.0348340835262675,3.6375,rat8,shuff
0.0499212515498698,3.7375,rat8,shuff
0.0435139757773484,3.8375,rat8,shuff
0.0436018880117901,3.9375,rat8,shuff
0.0470618194446833,4.0375,rat8,shuff
0.0614344353829134,4.1375,rat8,shuff
0.0703317687179622,4.2375,rat8,shuff
0.0623385773495986,4.3375,rat8,shuff
0.0601172018251987,4.4375,rat8,shuff
0.0494879932478091,4.5375,rat8,shuff
0.0188904438606807,4.6375,rat8,shuff
0.0171262400707175,4.7375,rat8,shuff
0.0421969396098108,4.8375,rat8,shuff
0.0208370013863316,4.9375,rat8,shuff
0.0224681996915199,0.0375,rat9,shuff
0.0222157684758571,0.1375,rat9,shuff
0.0201492465479905,0.2375,rat9,shuff
0.0190236375859517,0.3375,rat9,shuff
0.0167882686807574,0.4375,rat9,shuff
0.0116482008480288,0.5375,rat9,shuff
0.00807998249460175,0.6375,rat9,shuff
0.00573122699322987,0.7375,rat9,shuff
-0.00114452378142349,0.8375,rat9,shuff
-0.00506352634535163,0.9375,rat9,shuff
-0.0047185066051585,1.0375,rat9,shuff
-0.00467103240154299,1.1375,rat9,shuff
-0.00430120910169115,1.2375,rat9,shuff
-0.00248040973687129,1.3375,rat9,shuff
-0.00116108864448885,1.4375,rat9,shuff
-0.000599947416797174,1.5375,rat9,shuff
-0.00171203146781997,1.6375,rat9,shuff
0.00397800022695685,1.7375,rat9,shuff
-0.000530890372592232,1.8375,rat9,shuff
0.00425874589440892,1.9375,rat9,shuff
0.0081598273111705,2.0375,rat9,shuff
0.00985610860635715,2.1375,rat9,shuff
0.00748008740545007,2.2375,rat9,shuff
-0.00353932731951069,2.3375,rat9,shuff
-3.00999769736721e-05,2.4375,rat9,shuff
0.00553498942132096,2.5375,rat9,shuff
0.00265845122640733,2.6375,rat9,shuff
0.0118045028910728,2.7375,rat9,shuff
0.0186314940733999,2.8375,rat9,shuff
0.0202474111140245,2.9375,rat9,shuff
0.0167064172998691,3.0375,rat9,shuff
0.0146729270708853,3.1375,rat9,shuff
0.0126549524869546,3.2375,rat9,shuff
0.000126433598739604,3.3375,rat9,shuff
0.00163294306004149,3.4375,rat9,shuff
-0.00424934407694045,3.5375,rat9,shuff
0.0128212831611346,3.6375,rat9,shuff
0.00958528573153461,3.7375,rat9,shuff
-0.00186470339966793,3.8375,rat9,shuff
0.00370068182867235,3.9375,rat9,shuff
0.0134730433601375,4.0375,rat9,shuff
0.0320924244290235,4.1375,rat9,shuff
0.0370956922503199,4.2375,rat9,shuff
0.0307247259709294,4.3375,rat9,shuff
0.0184722280548893,4.4375,rat9,shuff
0.0159656525820251,4.5375,rat9,shuff
0.00509041654456102,4.6375,rat9,shuff
0.0101980913988169,4.7375,rat9,shuff
-0.00179855870704118,4.8375,rat9,shuff
-0.0151912715048853,4.9375,rat9,shuff
0.141614715570643,0.0375,rat10,unshuff
0.216480106266299,0.1375,rat10,unshuff
0.205461973701588,0.2375,rat10,unshuff
0.147900285631802,0.3375,rat10,unshuff
0.121364979700599,0.4375,rat10,unshuff
0.118280876982988,0.5375,rat10,unshuff
0.114144433966891,0.6375,rat10,unshuff
0.0729199296140894,0.7375,rat10,unshuff
0.0502487490036409,0.8375,rat10,unshuff
0.00365896087510798,0.9375,rat10,unshuff
-0.00191881195324902,1.0375,rat10,unshuff
0.0197155604203687,1.1375,rat10,unshuff
0.0127291448304757,1.2375,rat10,unshuff
0.0232556194488555,1.3375,rat10,unshuff
0.0745873826969812,1.4375,rat10,unshuff
0.0733923264309065,1.5375,rat10,unshuff
0.107840004674626,1.6375,rat10,unshuff
0.147442076822197,1.7375,rat10,unshuff
0.133496170821336,1.8375,rat10,unshuff
0.124616086315822,1.9375,rat10,unshuff
0.111940935375319,2.0375,rat10,unshuff
0.159286960606195,2.1375,rat10,unshuff
0.206716897476227,2.2375,rat10,unshuff
0.152272642385199,2.3375,rat10,unshuff
0.0697687788942673,2.4375,rat10,unshuff
0.00601181262955748,2.5375,rat10,unshuff
-0.0207983449039846,2.6375,rat10,unshuff
-0.0320787974159778,2.7375,rat10,unshuff
-0.054123018607618,2.8375,rat10,unshuff
-0.0408276042248239,2.9375,rat10,unshuff
-0.031309259310593,3.0375,rat10,unshuff
-0.00800967095610856,3.1375,rat10,unshuff
-0.012039336464626,3.2375,rat10,unshuff
-0.00297353955882019,3.3375,rat10,unshuff
0.158811155074079,3.4375,rat10,unshuff
0.127032927699538,3.5375,rat10,unshuff
0.127845360875744,3.6375,rat10,unshuff
0.156010810287746,3.7375,rat10,unshuff
0.0808570645797935,3.8375,rat10,unshuff
-0.0755485685176947,3.9375,rat10,unshuff
-0.141311392558986,4.0375,rat10,unshuff
-0.191576726900594,4.1375,rat10,unshuff
-0.253530286250858,4.2375,rat10,unshuff
-0.294972577522556,4.3375,rat10,unshuff
-0.173200406503584,4.4375,rat10,unshuff
0.00905224754408661,4.5375,rat10,unshuff
-0.15843544258248,4.6375,rat10,unshuff
-0.207692747383422,4.7375,rat10,unshuff
-0.268991182895827,4.8375,rat10,unshuff
-0.355985293444498,4.9375,rat10,unshuff
-0.0242282539270817,0.0375,rat11,unshuff
-0.0260529120972605,0.1375,rat11,unshuff
-0.036077387686232,0.2375,rat11,unshuff
-0.0408389769517872,0.3375,rat11,unshuff
-0.00446523268374809,0.4375,rat11,unshuff
0.013810094140674,0.5375,rat11,unshuff
-0.018175610768435,0.6375,rat11,unshuff
-0.0528656459962924,0.7375,rat11,unshuff
-0.074891905115556,0.8375,rat11,unshuff
-0.088045582167801,0.9375,rat11,unshuff
-0.119858081734476,1.0375,rat11,unshuff
-0.151651674658804,1.1375,rat11,unshuff
-0.148053129624325,1.2375,rat11,unshuff
-0.15179439570452,1.3375,rat11,unshuff
-0.164983689605019,1.4375,rat11,unshuff
-0.144581168325056,1.5375,rat11,unshuff
-0.164425310885329,1.6375,rat11,unshuff
-0.156122202447329,1.7375,rat11,unshuff
-0.162862258353351,1.8375,rat11,unshuff
-0.189214697041089,1.9375,rat11,unshuff
-0.222036896572163,2.0375,rat11,unshuff
-0.229851151473946,2.1375,rat11,unshuff
-0.239560984230324,2.2375,rat11,unshuff
-0.248507560040488,2.3375,rat11,unshuff
-0.232812497939105,2.4375,rat11,unshuff
-0.241957402341668,2.5375,rat11,unshuff
-0.319883049464429,2.6375,rat11,unshuff
-0.320781076338706,2.7375,rat11,unshuff
-0.242054070163827,2.8375,rat11,unshuff
-0.256186069601451,2.9375,rat11,unshuff
-0.279222572602281,3.0375,rat11,unshuff
-0.253460151995022,3.1375,rat11,unshuff
-0.228418758175519,3.2375,rat11,unshuff
-0.211753657135446,3.3375,rat11,unshuff
-0.22789494990092,3.4375,rat11,unshuff
-0.222108493424958,3.5375,rat11,unshuff
-0.0405927033305644,3.6375,rat11,unshuff
0.0901908337356889,3.7375,rat11,unshuff
0.00955304922733601,3.8375,rat11,unshuff
0.0487869752152704,3.9375,rat11,unshuff
0.175204347270247,4.0375,rat11,unshuff
0.229197395360485,4.1375,rat11,unshuff
0.170442157786163,4.2375,rat11,unshuff
0.106060524572831,4.3375,rat11,unshuff
0.106270990700482,4.4375,rat11,unshuff
0.119243843528866,4.5375,rat11,unshuff
0.0912546434408385,4.6375,rat11,unshuff
0.0463492399401967,4.7375,rat11,unshuff
0.0147490238257996,4.8375,rat11,unshuff
0.0115904898085512,4.9375,rat11,unshuff
0.109747849178255,0.0375,rat12,unshuff
0.123788753041907,0.1375,rat12,unshuff
0.126036838105131,0.2375,rat12,unshuff
0.119742717488764,0.3375,rat12,unshuff
0.121619040152868,0.4375,rat12,unshuff
0.0992131900781079,0.5375,rat12,unshuff
0.0476857805367472,0.6375,rat12,unshuff
0.00552847931329839,0.7375,rat12,unshuff
-0.027429050123623,0.8375,rat12,unshuff
-0.0840850741827321,0.9375,rat12,unshuff
-0.113170947481785,1.0375,rat12,unshuff
-0.110356079738041,1.1375,rat12,unshuff
-0.118516907211015,1.2375,rat12,unshuff
-0.157817559892339,1.3375,rat12,unshuff
-0.125985760613444,1.4375,rat12,unshuff
-0.066508530564718,1.5375,rat12,unshuff
-0.0382006418077189,1.6375,rat12,unshuff
0.00465547266620433,1.7375,rat12,unshuff
0.0085179696070555,1.8375,rat12,unshuff
0.00761588809335218,1.9375,rat12,unshuff
0.0594923762938646,2.0375,rat12,unshuff
0.0582087386397917,2.1375,rat12,unshuff
0.213224958436686,2.2375,rat12,unshuff
0.244775632933216,2.3375,rat12,unshuff
0.275552673048379,2.4375,rat12,unshuff
0.291337426508311,2.5375,rat12,unshuff
0.299198596474753,2.6375,rat12,unshuff
0.299450460054561,2.7375,rat12,unshuff
0.313944433998685,2.8375,rat12,unshuff
0.38166323582434,2.9375,rat12,unshuff
0.455870684878305,3.0375,rat12,unshuff
0.50629772019868,3.1375,rat12,unshuff
0.664026418682502,3.2375,rat12,unshuff
0.747106324467321,3.3375,rat12,unshuff
0.771498278382918,3.4375,rat12,unshuff
0.803817621010916,3.5375,rat12,unshuff
0.837820976797453,3.6375,rat12,unshuff
0.856182423617556,3.7375,rat12,unshuff
0.87570874836823,3.8375,rat12,unshuff
0.896121242709182,3.9375,rat12,unshuff
0.906031840675865,4.0375,rat12,unshuff
0.913604630736929,4.1375,rat12,unshuff
0.922268158350413,4.2375,rat12,unshuff
0.946273134261265,4.3375,rat12,unshuff
0.983512628182999,4.4375,rat12,unshuff
NaN,4.5375,rat12,unshuff
NaN,4.6375,rat12,unshuff
NaN,4.7375,rat12,unshuff
NaN,4.8375,rat12,unshuff
NaN,4.9375,rat12,unshuff
-0.010973752209348,0.0375,rat13,unshuff
0.00769649289318764,0.1375,rat13,unshuff
0.00830957728774763,0.2375,rat13,unshuff
0.0367350830629339,0.3375,rat13,unshuff
0.0788071208613229,0.4375,rat13,unshuff
0.0962280399470543,0.5375,rat13,unshuff
0.0644893604478725,0.6375,rat13,unshuff
0.055549563823764,0.7375,rat13,unshuff
0.0961744395179676,0.8375,rat13,unshuff
0.115220084519651,0.9375,rat13,unshuff
0.0915343515795555,1.0375,rat13,unshuff
0.0354691821642164,1.1375,rat13,unshuff
0.018529847990147,1.2375,rat13,unshuff
0.0848003770768406,1.3375,rat13,unshuff
0.126766006578712,1.4375,rat13,unshuff
0.106535163942465,1.5375,rat13,unshuff
0.0800154979462926,1.6375,rat13,unshuff
0.103524289594166,1.7375,rat13,unshuff
0.0721907007755919,1.8375,rat13,unshuff
0.0208563644342987,1.9375,rat13,unshuff
0.0536760304911184,2.0375,rat13,unshuff
0.149282113056094,2.1375,rat13,unshuff
0.126631212279982,2.2375,rat13,unshuff
0.00691482533826575,2.3375,rat13,unshuff
-0.0614926719349017,2.4375,rat13,unshuff
-0.0447377046260396,2.5375,rat13,unshuff
-1.73549056424549e-05,2.6375,rat13,unshuff
-0.0187983047276343,2.7375,rat13,unshuff
-0.0720493721936509,2.8375,rat13,unshuff
-0.0815443452196573,2.9375,rat13,unshuff
-0.0578777332388106,3.0375,rat13,unshuff
-0.0708558565359545,3.1375,rat13,unshuff
-0.115229588894984,3.2375,rat13,unshuff
-0.148969764172501,3.3375,rat13,unshuff
-0.0962209990772652,3.4375,rat13,unshuff
-0.104376009968388,3.5375,rat13,unshuff
-0.116664798559454,3.6375,rat13,unshuff
-0.0843894547100098,3.7375,rat13,unshuff
-0.156161106101935,3.8375,rat13,unshuff
-0.19695063397436,3.9375,rat13,unshuff
-0.0994511033248253,4.0375,rat13,unshuff
-0.0421381304549911,4.1375,rat13,unshuff
-0.0254061472557887,4.2375,rat13,unshuff
-0.000665015311826903,4.3375,rat13,unshuff
-0.000545667227718854,4.4375,rat13,unshuff
0.0134011894347197,4.5375,rat13,unshuff
0.0447523140612621,4.6375,rat13,unshuff
0.0923320767166063,4.7375,rat13,unshuff
0.112256388345962,4.8375,rat13,unshuff
0.0777006957138763,4.9375,rat13,unshuff
0.105202251496418,0.0375,rat15,unshuff
0.0982998419109247,0.1375,rat15,unshuff
0.0992246813687721,0.2375,rat15,unshuff
0.0898351686473727,0.3375,rat15,unshuff
0.0406710638346119,0.4375,rat15,unshuff
-0.0331760657124482,0.5375,rat15,unshuff
-0.101999000198081,0.6375,rat15,unshuff
-0.15618281270631,0.7375,rat15,unshuff
-0.198271592895533,0.8375,rat15,unshuff
-0.227950292567724,0.9375,rat15,unshuff
-0.248947016800933,1.0375,rat15,unshuff
-0.235467221352936,1.1375,rat15,unshuff
-0.207450445355871,1.2375,rat15,unshuff
-0.162210421726732,1.3375,rat15,unshuff
-0.143748141647138,1.4375,rat15,unshuff
-0.0755817299238366,1.5375,rat15,unshuff
-0.0228504335626447,1.6375,rat15,unshuff
-0.0216929431097407,1.7375,rat15,unshuff
-0.0242319439449864,1.8375,rat15,unshuff
-0.010475874517779,1.9375,rat15,unshuff
-0.0209672133240367,2.0375,rat15,unshuff
-0.0556848126298132,2.1375,rat15,unshuff
-0.0686393002276499,2.2375,rat15,unshuff
-0.0266821045147607,2.3375,rat15,unshuff
0.00866993731331112,2.4375,rat15,unshuff
0.0144771998948393,2.5375,rat15,unshuff
0.0148192639221478,2.6375,rat15,unshuff
0.0177642602929317,2.7375,rat15,unshuff
0.0737202625698067,2.8375,rat15,unshuff
0.135708975843054,2.9375,rat15,unshuff
0.134758446300763,3.0375,rat15,unshuff
0.143902127480115,3.1375,rat15,unshuff
0.099097330544787,3.2375,rat15,unshuff
0.0348286997228844,3.3375,rat15,unshuff
-0.000666124716943301,3.4375,rat15,unshuff
0.0284876523998685,3.5375,rat15,unshuff
0.00503294651753392,3.6375,rat15,unshuff
0.0198806586208524,3.7375,rat15,unshuff
0.0759841542862395,3.8375,rat15,unshuff
0.0570253590233552,3.9375,rat15,unshuff
-0.0101575967025902,4.0375,rat15,unshuff
-0.0966758469835262,4.1375,rat15,unshuff
-0.16042159350137,4.2375,rat15,unshuff
-0.161051972738051,4.3375,rat15,unshuff
-0.170205230394323,4.4375,rat15,unshuff
-0.196967254196974,4.5375,rat15,unshuff
-0.231812105971813,4.6375,rat15,unshuff
-0.219202212501477,4.7375,rat15,unshuff
-0.196530335669355,4.8375,rat15,unshuff
-0.305386712894759,4.9375,rat15,unshuff
0.196236864599134,0.0375,rat16,unshuff
0.192790860928071,0.1375,rat16,unshuff
0.196067047358214,0.2375,rat16,unshuff
0.182027874703105,0.3375,rat16,unshuff
0.145854705199917,0.4375,rat16,unshuff
0.0932948254969114,0.5375,rat16,unshuff
0.0346201924306229,0.6375,rat16,unshuff
0.0025607394787818,0.7375,rat16,unshuff
-0.030271771346639,0.8375,rat16,unshuff
-0.0459500206852813,0.9375,rat16,unshuff
-0.0556716381253396,1.0375,rat16,unshuff
-0.0539411542575941,1.1375,rat16,unshuff
-0.0535475966969569,1.2375,rat16,unshuff
-0.0348650546770671,1.3375,rat16,unshuff
-0.0393034338618327,1.4375,rat16,unshuff
-0.0427674308677449,1.5375,rat16,unshuff
-0.0243134633166951,1.6375,rat16,unshuff
-0.00803174720588645,1.7375,rat16,unshuff
-0.00319247220759258,1.8375,rat16,unshuff
-0.00196239160561568,1.9375,rat16,unshuff
-0.0254080035985306,2.0375,rat16,unshuff
-0.0535525981182853,2.1375,rat16,unshuff
0.0297262355226861,2.2375,rat16,unshuff
0.0901085446182506,2.3375,rat16,unshuff
0.0977480605074113,2.4375,rat16,unshuff
0.123960218632673,2.5375,rat16,unshuff
0.154995672953304,2.6375,rat16,unshuff
0.208337735889999,2.7375,rat16,unshuff
0.198680993825327,2.8375,rat16,unshuff
0.184402567940378,2.9375,rat16,unshuff
0.156312451328412,3.0375,rat16,unshuff
0.119876890556632,3.1375,rat16,unshuff
0.0722884524942044,3.2375,rat16,unshuff
0.0336580670918949,3.3375,rat16,unshuff
0.0733778641419028,3.4375,rat16,unshuff
0.104192250106593,3.5375,rat16,unshuff
0.0756997419942845,3.6375,rat16,unshuff
0.0519110352196973,3.7375,rat16,unshuff
0.0924628862047606,3.8375,rat16,unshuff
0.17330048026666,3.9375,rat16,unshuff
0.18993477018264,4.0375,rat16,unshuff
0.195243161415812,4.1375,rat16,unshuff
0.174810372904837,4.2375,rat16,unshuff
0.165016696062984,4.3375,rat16,unshuff
0.146889126389426,4.4375,rat16,unshuff
0.142564502226615,4.5375,rat16,unshuff
0.132554988486003,4.6375,rat16,unshuff
0.146076834974626,4.7375,rat16,unshuff
0.173915401607277,4.8375,rat16,unshuff
0.196277448425158,4.9375,rat16,unshuff
0.128183972653856,0.0375,rat2,unshuff
0.127037025592967,0.1375,rat2,unshuff
0.157613843560219,0.2375,rat2,unshuff
0.182881379698598,0.3375,rat2,unshuff
0.161759677407213,0.4375,rat2,unshuff
0.0928050614522841,0.5375,rat2,unshuff
0.0152706294034658,0.6375,rat2,unshuff
-0.022583370023658,0.7375,rat2,unshuff
-0.0446704920898604,0.8375,rat2,unshuff
-0.0799438524947515,0.9375,rat2,unshuff
-0.116661117946846,1.0375,rat2,unshuff
-0.184885328817512,1.1375,rat2,unshuff
-0.185086539929461,1.2375,rat2,unshuff
-0.133003901729725,1.3375,rat2,unshuff
-0.0852848923405412,1.4375,rat2,unshuff
-0.0648268591668477,1.5375,rat2,unshuff
-0.100263955176372,1.6375,rat2,unshuff
-0.133795447995822,1.7375,rat2,unshuff
-0.153828917159604,1.8375,rat2,unshuff
-0.124604404035722,1.9375,rat2,unshuff
-0.11185811192558,2.0375,rat2,unshuff
-0.129489740644835,2.1375,rat2,unshuff
-0.154397840731508,2.2375,rat2,unshuff
-0.178769202348393,2.3375,rat2,unshuff
-0.196045142864125,2.4375,rat2,unshuff
-0.186389536599424,2.5375,rat2,unshuff
-0.172671873662855,2.6375,rat2,unshuff
-0.195748433476771,2.7375,rat2,unshuff
-0.242800213994821,2.8375,rat2,unshuff
-0.244347807933404,2.9375,rat2,unshuff
-0.234494537449599,3.0375,rat2,unshuff
-0.276361632083241,3.1375,rat2,unshuff
-0.312161976542806,3.2375,rat2,unshuff
-0.326841718256115,3.3375,rat2,unshuff
-0.349919682033742,3.4375,rat2,unshuff
-0.327523979914748,3.5375,rat2,unshuff
-0.299426377201057,3.6375,rat2,unshuff
-0.323938366595459,3.7375,rat2,unshuff
-0.3609152229405,3.8375,rat2,unshuff
-0.287425588802347,3.9375,rat2,unshuff
-0.163263136843248,4.0375,rat2,unshuff
-0.0916802247209265,4.1375,rat2,unshuff
-0.138522208073307,4.2375,rat2,unshuff
-0.229871089244813,4.3375,rat2,unshuff
-0.293192309029629,4.4375,rat2,unshuff
-0.333381131956374,4.5375,rat2,unshuff
-0.335792526242361,4.6375,rat2,unshuff
-0.281029961733414,4.7375,rat2,unshuff
-0.236110818788021,4.8375,rat2,unshuff
-0.242955349159722,4.9375,rat2,unshuff
0.0219146947506388,0.0375,rat3,unshuff
0.0220716857203601,0.1375,rat3,unshuff
0.0628056032123771,0.2375,rat3,unshuff
0.0304199318601164,0.3375,rat3,unshuff
0.0335941216523972,0.4375,rat3,unshuff
0.0437026339066792,0.5375,rat3,unshuff
-0.00357194094331178,0.6375,rat3,unshuff
-0.026534111605757,0.7375,rat3,unshuff
-0.0540605225000502,0.8375,rat3,unshuff
-0.0148279511569766,0.9375,rat3,unshuff
-0.0333185763652666,1.0375,rat3,unshuff
-0.035900387175505,1.1375,rat3,unshuff
-0.00352051024100602,1.2375,rat3,unshuff
0.0237607442021518,1.3375,rat3,unshuff
0.0859601871592253,1.4375,rat3,unshuff
0.114584060121833,1.5375,rat3,unshuff
0.0970461926605715,1.6375,rat3,unshuff
0.157428320144868,1.7375,rat3,unshuff
0.147751263335882,1.8375,rat3,unshuff
0.0881761181472916,1.9375,rat3,unshuff
0.0689851792997463,2.0375,rat3,unshuff
0.0678761295079431,2.1375,rat3,unshuff
0.124376829144961,2.2375,rat3,unshuff
0.117562969082951,2.3375,rat3,unshuff
0.13898094807845,2.4375,rat3,unshuff
0.218482133315337,2.5375,rat3,unshuff
0.194598710434483,2.6375,rat3,unshuff
0.217728879921296,2.7375,rat3,unshuff
0.268598110579198,2.8375,rat3,unshuff
0.259364475215358,2.9375,rat3,unshuff
0.316767561198609,3.0375,rat3,unshuff
0.302565952543679,3.1375,rat3,unshuff
0.247122882977774,3.2375,rat3,unshuff
0.276302325902944,3.3375,rat3,unshuff
0.271904967145536,3.4375,rat3,unshuff
0.229894922048527,3.5375,rat3,unshuff
0.180080619126968,3.6375,rat3,unshuff
0.132770014038403,3.7375,rat3,unshuff
0.15927592834488,3.8375,rat3,unshuff
0.151066173043848,3.9375,rat3,unshuff
0.150296653913382,4.0375,rat3,unshuff
0.140926676500538,4.1375,rat3,unshuff
0.121361356113562,4.2375,rat3,unshuff
0.19783466829511,4.3375,rat3,unshuff
0.255726447221081,4.4375,rat3,unshuff
0.271483949300385,4.5375,rat3,unshuff
0.295828920075287,4.6375,rat3,unshuff
0.327272940717765,4.7375,rat3,unshuff
0.318658170541737,4.8375,rat3,unshuff
0.343184736013977,4.9375,rat3,unshuff
0.106011163781807,0.0375,rat4,unshuff
0.101423378456532,0.1375,rat4,unshuff
0.0788067783130308,0.2375,rat4,unshuff
0.0633548582386046,0.3375,rat4,unshuff
0.0312161724993505,0.4375,rat4,unshuff
-0.0330260387003791,0.5375,rat4,unshuff
-0.0730453509690749,0.6375,rat4,unshuff
-0.0885277215841698,0.7375,rat4,unshuff
-0.102104519465617,0.8375,rat4,unshuff
-0.084705448113901,0.9375,rat4,unshuff
-0.100938479629672,1.0375,rat4,unshuff
-0.0855865698836309,1.1375,rat4,unshuff
-0.0445432890578324,1.2375,rat4,unshuff
-0.014412892764007,1.3375,rat4,unshuff
-0.0282691800405199,1.4375,rat4,unshuff
-0.0511721096704649,1.5375,rat4,unshuff
-0.0627501330534526,1.6375,rat4,unshuff
-0.0748063372834127,1.7375,rat4,unshuff
-0.107354854223359,1.8375,rat4,unshuff
-0.128295148543319,1.9375,rat4,unshuff
-0.139535892102132,2.0375,rat4,unshuff
-0.146319601574151,2.1375,rat4,unshuff
-0.153089321636992,2.2375,rat4,unshuff
-0.157827791459736,2.3375,rat4,unshuff
-0.157499541025026,2.4375,rat4,unshuff
-0.111441406392778,2.5375,rat4,unshuff
-0.0843007184624939,2.6375,rat4,unshuff
-0.0903126230196115,2.7375,rat4,unshuff
-0.123963441060459,2.8375,rat4,unshuff
-0.0581097548367599,2.9375,rat4,unshuff
-0.00539989330378728,3.0375,rat4,unshuff
0.0072216678391325,3.1375,rat4,unshuff
0.0176346290763029,3.2375,rat4,unshuff
0.0552616550718182,3.3375,rat4,unshuff
0.013626974212562,3.4375,rat4,unshuff
-0.0212098486964547,3.5375,rat4,unshuff
0.0123773623888346,3.6375,rat4,unshuff
0.0212720727774698,3.7375,rat4,unshuff
-0.0582168083513989,3.8375,rat4,unshuff
-0.0224896530049618,3.9375,rat4,unshuff
0.0111547506882566,4.0375,rat4,unshuff
0.12664833845329,4.1375,rat4,unshuff
0.0424056507298869,4.2375,rat4,unshuff
0.0743546727369817,4.3375,rat4,unshuff
0.110364294598968,4.4375,rat4,unshuff
0.101095407305302,4.5375,rat4,unshuff
-0.0249481930576957,4.6375,rat4,unshuff
-0.0199373692527004,4.7375,rat4,unshuff
-0.00819367175597202,4.8375,rat4,unshuff
0.0354586578904163,4.9375,rat4,unshuff
0.196658829460671,0.0375,rat5,unshuff
0.206543832223955,0.1375,rat5,unshuff
0.211297639108785,0.2375,rat5,unshuff
0.213135962132255,0.3375,rat5,unshuff
0.193346943599015,0.4375,rat5,unshuff
0.155147426620852,0.5375,rat5,unshuff
0.125092800031556,0.6375,rat5,unshuff
0.0930369302107907,0.7375,rat5,unshuff
0.0658421041277816,0.8375,rat5,unshuff
0.0314146916171029,0.9375,rat5,unshuff
0.0403774025272843,1.0375,rat5,unshuff
0.0294357693438335,1.1375,rat5,unshuff
0.0018571811709875,1.2375,rat5,unshuff
-0.0258109955929359,1.3375,rat5,unshuff
-0.0318720415429591,1.4375,rat5,unshuff
-0.0273334418451,1.5375,rat5,unshuff
-0.036778501197115,1.6375,rat5,unshuff
-0.018971776805775,1.7375,rat5,unshuff
0.00244349774076288,1.8375,rat5,unshuff
-0.0191085478400402,1.9375,rat5,unshuff
-0.018708141214437,2.0375,rat5,unshuff
-0.0322516053732886,2.1375,rat5,unshuff
-0.0275245118337091,2.2375,rat5,unshuff
-0.00709059031153968,2.3375,rat5,unshuff
-0.0258639721607806,2.4375,rat5,unshuff
-0.0456157049674997,2.5375,rat5,unshuff
-0.0637584976334722,2.6375,rat5,unshuff
-0.078302590372888,2.7375,rat5,unshuff
-0.0844769161232119,2.8375,rat5,unshuff
-0.0585639756834075,2.9375,rat5,unshuff
-0.0249701936122259,3.0375,rat5,unshuff
0.00402988822211396,3.1375,rat5,unshuff
0.020468995404024,3.2375,rat5,unshuff
0.0366058274593581,3.3375,rat5,unshuff
0.0468829435704584,3.4375,rat5,unshuff
0.0499680618970156,3.5375,rat5,unshuff
0.0621371038243215,3.6375,rat5,unshuff
0.0671011523593085,3.7375,rat5,unshuff
0.0763872314039112,3.8375,rat5,unshuff
0.0505358175368987,3.9375,rat5,unshuff
0.0217663792924795,4.0375,rat5,unshuff
0.0383454088149386,4.1375,rat5,unshuff
0.0712779347240296,4.2375,rat5,unshuff
0.0899599823442117,4.3375,rat5,unshuff
0.074064781812168,4.4375,rat5,unshuff
0.0667595915539194,4.5375,rat5,unshuff
0.061403919811515,4.6375,rat5,unshuff
0.0360362861834001,4.7375,rat5,unshuff
0.000213866180308075,4.8375,rat5,unshuff
-0.0096763794872838,4.9375,rat5,unshuff
0.0212733221546477,0.0375,rat6,unshuff
0.0165556701818835,0.1375,rat6,unshuff
0.044634618664689,0.2375,rat6,unshuff
0.034751463790698,0.3375,rat6,unshuff
-0.0479820330587511,0.4375,rat6,unshuff
-0.0562628656053645,0.5375,rat6,unshuff
-0.0377998134713359,0.6375,rat6,unshuff
-0.0889716712218028,0.7375,rat6,unshuff
-0.06042203722472,0.8375,rat6,unshuff
-0.0185747645384774,0.9375,rat6,unshuff
-0.059631982967636,1.0375,rat6,unshuff
-0.0945214841842396,1.1375,rat6,unshuff
-0.158299656303916,1.2375,rat6,unshuff
-0.22455592828562,1.3375,rat6,unshuff
-0.210472908947514,1.4375,rat6,unshuff
-0.183080189051491,1.5375,rat6,unshuff
-0.243543309999888,1.6375,rat6,unshuff
-0.299598324793275,1.7375,rat6,unshuff
-0.149874391615247,1.8375,rat6,unshuff
-0.0956893932632539,1.9375,rat6,unshuff
-0.219703745356178,2.0375,rat6,unshuff
-0.191547217984198,2.1375,rat6,unshuff
-0.143624111991329,2.2375,rat6,unshuff
-0.146917734244063,2.3375,rat6,unshuff
-0.172409346283194,2.4375,rat6,unshuff
-0.259507831449571,2.5375,rat6,unshuff
-0.287548318661174,2.6375,rat6,unshuff
-0.234270151071801,2.7375,rat6,unshuff
-0.134727752568147,2.8375,rat6,unshuff
-0.0219298591143142,2.9375,rat6,unshuff
-0.0566299012464934,3.0375,rat6,unshuff
-0.0980142729248384,3.1375,rat6,unshuff
-0.083162183092312,3.2375,rat6,unshuff
-0.0328760031051072,3.3375,rat6,unshuff
0.10968064727332,3.4375,rat6,unshuff
0.128508752718539,3.5375,rat6,unshuff
-0.0276084184808539,3.6375,rat6,unshuff
-0.0323431057120855,3.7375,rat6,unshuff
0.0268939480946912,3.8375,rat6,unshuff
0.0747491077984909,3.9375,rat6,unshuff
-0.000679239429381988,4.0375,rat6,unshuff
0.0490681173421752,4.1375,rat6,unshuff
0.120400967568756,4.2375,rat6,unshuff
0.0623369614596263,4.3375,rat6,unshuff
0.00949469607373116,4.4375,rat6,unshuff
0.03705717198307,4.5375,rat6,unshuff
0.118358850395533,4.6375,rat6,unshuff
0.117402674558449,4.7375,rat6,unshuff
0.188525544571204,4.8375,rat6,unshuff
0.247203161580797,4.9375,rat6,unshuff
0.0615408054050395,0.0375,rat7,unshuff
0.100029956756508,0.1375,rat7,unshuff
0.126673143874418,0.2375,rat7,unshuff
0.14243797008654,0.3375,rat7,unshuff
0.154925866864059,0.4375,rat7,unshuff
0.160925690120089,0.5375,rat7,unshuff
0.117775168778884,0.6375,rat7,unshuff
0.133808922003116,0.7375,rat7,unshuff
0.086104323236416,0.8375,rat7,unshuff
0.0566416696900396,0.9375,rat7,unshuff
0.09343714198653,1.0375,rat7,unshuff
0.0692554673540538,1.1375,rat7,unshuff
0.0631646437011465,1.2375,rat7,unshuff
0.122673346589055,1.3375,rat7,unshuff
0.205002513242162,1.4375,rat7,unshuff
0.20435072991545,1.5375,rat7,unshuff
0.153415432744898,1.6375,rat7,unshuff
0.158034779235988,1.7375,rat7,unshuff
0.140679354924724,1.8375,rat7,unshuff
0.107046535254565,1.9375,rat7,unshuff
0.0825559215810311,2.0375,rat7,unshuff
0.0606677029977558,2.1375,rat7,unshuff
0.0736503222366675,2.2375,rat7,unshuff
0.0736103115665329,2.3375,rat7,unshuff
0.0870037490288798,2.4375,rat7,unshuff
0.0846429029394449,2.5375,rat7,unshuff
0.113226917810952,2.6375,rat7,unshuff
0.147045882266558,2.7375,rat7,unshuff
0.128383939294038,2.8375,rat7,unshuff
0.0989618329826641,2.9375,rat7,unshuff
0.0999229936420729,3.0375,rat7,unshuff
0.0535285102187851,3.1375,rat7,unshuff
0.010734927418753,3.2375,rat7,unshuff
-0.00228655751317981,3.3375,rat7,unshuff
0.00542758043804168,3.4375,rat7,unshuff
0.019275699720599,3.5375,rat7,unshuff
0.0582484910297445,3.6375,rat7,unshuff
0.162948123838346,3.7375,rat7,unshuff
0.177973413357464,3.8375,rat7,unshuff
0.208654428862626,3.9375,rat7,unshuff
0.185457639884614,4.0375,rat7,unshuff
0.156432395499853,4.1375,rat7,unshuff
0.190024793196364,4.2375,rat7,unshuff
0.207673480228886,4.3375,rat7,unshuff
0.24427626412855,4.4375,rat7,unshuff
0.258721024689636,4.5375,rat7,unshuff
0.292132074609882,4.6375,rat7,unshuff
0.264976121700619,4.7375,rat7,unshuff
0.278977114010026,4.8375,rat7,unshuff
0.350411539143245,4.9375,rat7,unshuff
0.010639110942534,0.0375,rat8,unshuff
0.00910621384694487,0.1375,rat8,unshuff
-0.0185269835952885,0.2375,rat8,unshuff
-0.0222228815102768,0.3375,rat8,unshuff
0.0263801047343703,0.4375,rat8,unshuff
0.0688867373959225,0.5375,rat8,unshuff
0.0660292424552636,0.6375,rat8,unshuff
0.0534971278928731,0.7375,rat8,unshuff
0.0342230867786211,0.8375,rat8,unshuff
-0.0389286834586477,0.9375,rat8,unshuff
-0.0720940960846263,1.0375,rat8,unshuff
-0.021996602861852,1.1375,rat8,unshuff
0.026768362438284,1.2375,rat8,unshuff
0.0282330195090142,1.3375,rat8,unshuff
-0.032239876775297,1.4375,rat8,unshuff
-0.0812101037976902,1.5375,rat8,unshuff
-0.0422375582272357,1.6375,rat8,unshuff
0.0279618717953546,1.7375,rat8,unshuff
-0.0343793411577839,1.8375,rat8,unshuff
-0.102765916848095,1.9375,rat8,unshuff
-0.0606180153098424,2.0375,rat8,unshuff
-0.0448563284899753,2.1375,rat8,unshuff
-0.0900720820097427,2.2375,rat8,unshuff
-0.185225633489946,2.3375,rat8,unshuff
-0.213030367832387,2.4375,rat8,unshuff
-0.209710576555623,2.5375,rat8,unshuff
-0.211567612379316,2.6375,rat8,unshuff
-0.240304436820274,2.7375,rat8,unshuff
-0.240071604184525,2.8375,rat8,unshuff
-0.200821196492297,2.9375,rat8,unshuff
-0.194385215480355,3.0375,rat8,unshuff
-0.1312528350799,3.1375,rat8,unshuff
-0.0886384450922065,3.2375,rat8,unshuff
-0.112019090106077,3.3375,rat8,unshuff
-0.13516030492189,3.4375,rat8,unshuff
-0.188262053500929,3.5375,rat8,unshuff
-0.174319495289557,3.6375,rat8,unshuff
-0.0476236728099342,3.7375,rat8,unshuff
0.0714111192038209,3.8375,rat8,unshuff
0.0281889353864301,3.9375,rat8,unshuff
-0.0376098696369336,4.0375,rat8,unshuff
-0.0251053220855947,4.1375,rat8,unshuff
-0.0752723652989564,4.2375,rat8,unshuff
-0.143001640572193,4.3375,rat8,unshuff
-0.142068970878643,4.4375,rat8,unshuff
-0.0335553802020053,4.5375,rat8,unshuff
-0.0021484878639839,4.6375,rat8,unshuff
0.0267144947289362,4.7375,rat8,unshuff
0.0475217742590726,4.8375,rat8,unshuff
0.142857009086512,4.9375,rat8,unshuff
0.112552976455742,0.0375,rat9,unshuff
0.129940631251065,0.1375,rat9,unshuff
0.146775837525336,0.2375,rat9,unshuff
0.146411323321709,0.3375,rat9,unshuff
0.127452196421349,0.4375,rat9,unshuff
0.107534544780877,0.5375,rat9,unshuff
0.100173490866717,0.6375,rat9,unshuff
0.0580426157973767,0.7375,rat9,unshuff
0.0305430983809555,0.8375,rat9,unshuff
0.0122573169433811,0.9375,rat9,unshuff
-0.0180031773517036,1.0375,rat9,unshuff
-0.0281026201728223,1.1375,rat9,unshuff
-0.0250671787401383,1.2375,rat9,unshuff
-0.0375992243813424,1.3375,rat9,unshuff
-0.0396739979961856,1.4375,rat9,unshuff
-0.0499372026589434,1.5375,rat9,unshuff
-0.0202408030491083,1.6375,rat9,unshuff
0.0240371490650654,1.7375,rat9,unshuff
0.02084274549279,1.8375,rat9,unshuff
0.0099897528771454,1.9375,rat9,unshuff
0.00934694008007099,2.0375,rat9,unshuff
0.0310732500060727,2.1375,rat9,unshuff
0.0636928300042002,2.2375,rat9,unshuff
0.117155075009094,2.3375,rat9,unshuff
0.14450577393006,2.4375,rat9,unshuff
0.126185674871324,2.5375,rat9,unshuff
0.102620216937475,2.6375,rat9,unshuff
0.117976494900753,2.7375,rat9,unshuff
0.166234978476548,2.8375,rat9,unshuff
0.248137444311709,2.9375,rat9,unshuff
0.265407270715217,3.0375,rat9,unshuff
0.240661517139314,3.1375,rat9,unshuff
0.191812401815091,3.2375,rat9,unshuff
0.178821547399197,3.3375,rat9,unshuff
0.171399033955307,3.4375,rat9,unshuff
0.182474265283911,3.5375,rat9,unshuff
0.168204736327143,3.6375,rat9,unshuff
0.159321245412436,3.7375,rat9,unshuff
0.163056118814944,3.8375,rat9,unshuff
0.170553863893564,3.9375,rat9,unshuff
0.176138318889584,4.0375,rat9,unshuff
0.138703127321923,4.1375,rat9,unshuff
0.127476040787163,4.2375,rat9,unshuff
0.0838158475116495,4.3375,rat9,unshuff
0.0456139097854866,4.4375,rat9,unshuff
0.0714777867632664,4.5375,rat9,unshuff
0.0772142682306249,4.6375,rat9,unshuff
0.00192840038697973,4.7375,rat9,unshuff
-0.0515870312606486,4.8375,rat9,unshuff
-0.00748189717118306,4.9375,rat9,unshuff
